11:23:12 ili pl24 full_v2 s123 err: RuntimeError('CUDA error: invalid device ordinal\nCUDA kernel errors might be asynchronously reported at some other API call, so the stacktrace below might be incorrect.\nFor debugging consider passing CUDA_LAUNCH_BLOCKING=1\nCompile with `TORCH_USE_CUDA_DSA` to enable device-side assertions.\n')
11:23:14 ili pl24 full_v2 s345 err: RuntimeError('CUDA error: invalid device ordinal\nCUDA kernel errors might be asynchronously reported at some other API call, so the stacktrace below might be incorrect.\nFor debugging consider passing CUDA_LAUNCH_BLOCKING=1\nCompile with `TORCH_USE_CUDA_DSA` to enable device-side assertions.\n')
11:23:16 ili pl24 full_v2 s567 err: RuntimeError('CUDA error: invalid device ordinal\nCUDA kernel errors might be asynchronously reported at some other API call, so the stacktrace below might be incorrect.\nFor debugging consider passing CUDA_LAUNCH_BLOCKING=1\nCompile with `TORCH_USE_CUDA_DSA` to enable device-side assertions.\n')
11:23:17 ili pl24 full_v2 s789 err: RuntimeError('CUDA error: invalid device ordinal\nCUDA kernel errors might be asynchronously reported at some other API call, so the stacktrace below might be incorrect.\nFor debugging consider passing CUDA_LAUNCH_BLOCKING=1\nCompile with `TORCH_USE_CUDA_DSA` to enable device-side assertions.\n')
11:23:19 ili pl24 learned_gate s123 err: RuntimeError('CUDA error: invalid device ordinal\nCUDA kernel errors might be asynchronously reported at some other API call, so the stacktrace below might be incorrect.\nFor debugging consider passing CUDA_LAUNCH_BLOCKING=1\nCompile with `TORCH_USE_CUDA_DSA` to enable device-side assertions.\n')
11:23:21 ili pl24 learned_gate s345 err: RuntimeError('CUDA error: invalid device ordinal\nCUDA kernel errors might be asynchronously reported at some other API call, so the stacktrace below might be incorrect.\nFor debugging consider passing CUDA_LAUNCH_BLOCKING=1\nCompile with `TORCH_USE_CUDA_DSA` to enable device-side assertions.\n')
11:23:22 ili pl24 learned_gate s567 err: RuntimeError('CUDA error: invalid device ordinal\nCUDA kernel errors might be asynchronously reported at some other API call, so the stacktrace below might be incorrect.\nFor debugging consider passing CUDA_LAUNCH_BLOCKING=1\nCompile with `TORCH_USE_CUDA_DSA` to enable device-side assertions.\n')
11:23:24 ili pl24 learned_gate s789 err: RuntimeError('CUDA error: invalid device ordinal\nCUDA kernel errors might be asynchronously reported at some other API call, so the stacktrace below might be incorrect.\nFor debugging consider passing CUDA_LAUNCH_BLOCKING=1\nCompile with `TORCH_USE_CUDA_DSA` to enable device-side assertions.\n')
11:23:26 ili pl24 no_gate s123 err: RuntimeError('CUDA error: invalid device ordinal\nCUDA kernel errors might be asynchronously reported at some other API call, so the stacktrace below might be incorrect.\nFor debugging consider passing CUDA_LAUNCH_BLOCKING=1\nCompile with `TORCH_USE_CUDA_DSA` to enable device-side assertions.\n')
11:23:27 ili pl24 no_gate s345 err: RuntimeError('CUDA error: invalid device ordinal\nCUDA kernel errors might be asynchronously reported at some other API call, so the stacktrace below might be incorrect.\nFor debugging consider passing CUDA_LAUNCH_BLOCKING=1\nCompile with `TORCH_USE_CUDA_DSA` to enable device-side assertions.\n')
11:23:29 ili pl24 no_gate s567 err: RuntimeError('CUDA error: invalid device ordinal\nCUDA kernel errors might be asynchronously reported at some other API call, so the stacktrace below might be incorrect.\nFor debugging consider passing CUDA_LAUNCH_BLOCKING=1\nCompile with `TORCH_USE_CUDA_DSA` to enable device-side assertions.\n')
11:23:30 ili pl24 no_gate s789 err: RuntimeError('CUDA error: invalid device ordinal\nCUDA kernel errors might be asynchronously reported at some other API call, so the stacktrace below might be incorrect.\nFor debugging consider passing CUDA_LAUNCH_BLOCKING=1\nCompile with `TORCH_USE_CUDA_DSA` to enable device-side assertions.\n')
11:23:32 ili pl24 patchtst s123 err: RuntimeError('CUDA error: invalid device ordinal\nCUDA kernel errors might be asynchronously reported at some other API call, so the stacktrace below might be incorrect.\nFor debugging consider passing CUDA_LAUNCH_BLOCKING=1\nCompile with `TORCH_USE_CUDA_DSA` to enable device-side assertions.\n')
11:23:34 ili pl24 patchtst s345 err: RuntimeError('CUDA error: invalid device ordinal\nCUDA kernel errors might be asynchronously reported at some other API call, so the stacktrace below might be incorrect.\nFor debugging consider passing CUDA_LAUNCH_BLOCKING=1\nCompile with `TORCH_USE_CUDA_DSA` to enable device-side assertions.\n')
11:23:35 ili pl24 patchtst s567 err: RuntimeError('CUDA error: invalid device ordinal\nCUDA kernel errors might be asynchronously reported at some other API call, so the stacktrace below might be incorrect.\nFor debugging consider passing CUDA_LAUNCH_BLOCKING=1\nCompile with `TORCH_USE_CUDA_DSA` to enable device-side assertions.\n')
11:23:37 ili pl24 patchtst s789 err: RuntimeError('CUDA error: invalid device ordinal\nCUDA kernel errors might be asynchronously reported at some other API call, so the stacktrace below might be incorrect.\nFor debugging consider passing CUDA_LAUNCH_BLOCKING=1\nCompile with `TORCH_USE_CUDA_DSA` to enable device-side assertions.\n')
11:23:39 ili pl48 full_v2 s123 err: RuntimeError('CUDA error: invalid device ordinal\nCUDA kernel errors might be asynchronously reported at some other API call, so the stacktrace below might be incorrect.\nFor debugging consider passing CUDA_LAUNCH_BLOCKING=1\nCompile with `TORCH_USE_CUDA_DSA` to enable device-side assertions.\n')
11:23:40 ili pl48 full_v2 s345 err: RuntimeError('CUDA error: invalid device ordinal\nCUDA kernel errors might be asynchronously reported at some other API call, so the stacktrace below might be incorrect.\nFor debugging consider passing CUDA_LAUNCH_BLOCKING=1\nCompile with `TORCH_USE_CUDA_DSA` to enable device-side assertions.\n')
11:23:42 ili pl48 full_v2 s567 err: RuntimeError('CUDA error: invalid device ordinal\nCUDA kernel errors might be asynchronously reported at some other API call, so the stacktrace below might be incorrect.\nFor debugging consider passing CUDA_LAUNCH_BLOCKING=1\nCompile with `TORCH_USE_CUDA_DSA` to enable device-side assertions.\n')
11:23:44 ili pl48 full_v2 s789 err: RuntimeError('CUDA error: invalid device ordinal\nCUDA kernel errors might be asynchronously reported at some other API call, so the stacktrace below might be incorrect.\nFor debugging consider passing CUDA_LAUNCH_BLOCKING=1\nCompile with `TORCH_USE_CUDA_DSA` to enable device-side assertions.\n')
11:23:45 ili pl48 learned_gate s123 err: RuntimeError('CUDA error: invalid device ordinal\nCUDA kernel errors might be asynchronously reported at some other API call, so the stacktrace below might be incorrect.\nFor debugging consider passing CUDA_LAUNCH_BLOCKING=1\nCompile with `TORCH_USE_CUDA_DSA` to enable device-side assertions.\n')
11:23:47 ili pl48 learned_gate s345 err: RuntimeError('CUDA error: invalid device ordinal\nCUDA kernel errors might be asynchronously reported at some other API call, so the stacktrace below might be incorrect.\nFor debugging consider passing CUDA_LAUNCH_BLOCKING=1\nCompile with `TORCH_USE_CUDA_DSA` to enable device-side assertions.\n')
11:23:49 ili pl48 learned_gate s567 err: RuntimeError('CUDA error: invalid device ordinal\nCUDA kernel errors might be asynchronously reported at some other API call, so the stacktrace below might be incorrect.\nFor debugging consider passing CUDA_LAUNCH_BLOCKING=1\nCompile with `TORCH_USE_CUDA_DSA` to enable device-side assertions.\n')
11:23:50 ili pl48 learned_gate s789 err: RuntimeError('CUDA error: invalid device ordinal\nCUDA kernel errors might be asynchronously reported at some other API call, so the stacktrace below might be incorrect.\nFor debugging consider passing CUDA_LAUNCH_BLOCKING=1\nCompile with `TORCH_USE_CUDA_DSA` to enable device-side assertions.\n')
11:23:52 ili pl48 no_gate s123 err: RuntimeError('CUDA error: invalid device ordinal\nCUDA kernel errors might be asynchronously reported at some other API call, so the stacktrace below might be incorrect.\nFor debugging consider passing CUDA_LAUNCH_BLOCKING=1\nCompile with `TORCH_USE_CUDA_DSA` to enable device-side assertions.\n')
11:23:53 ili pl48 no_gate s345 err: RuntimeError('CUDA error: invalid device ordinal\nCUDA kernel errors might be asynchronously reported at some other API call, so the stacktrace below might be incorrect.\nFor debugging consider passing CUDA_LAUNCH_BLOCKING=1\nCompile with `TORCH_USE_CUDA_DSA` to enable device-side assertions.\n')
11:23:55 ili pl48 no_gate s567 err: RuntimeError('CUDA error: invalid device ordinal\nCUDA kernel errors might be asynchronously reported at some other API call, so the stacktrace below might be incorrect.\nFor debugging consider passing CUDA_LAUNCH_BLOCKING=1\nCompile with `TORCH_USE_CUDA_DSA` to enable device-side assertions.\n')
11:23:57 ili pl48 no_gate s789 err: RuntimeError('CUDA error: invalid device ordinal\nCUDA kernel errors might be asynchronously reported at some other API call, so the stacktrace below might be incorrect.\nFor debugging consider passing CUDA_LAUNCH_BLOCKING=1\nCompile with `TORCH_USE_CUDA_DSA` to enable device-side assertions.\n')
11:23:58 ili pl48 patchtst s123 err: RuntimeError('CUDA error: invalid device ordinal\nCUDA kernel errors might be asynchronously reported at some other API call, so the stacktrace below might be incorrect.\nFor debugging consider passing CUDA_LAUNCH_BLOCKING=1\nCompile with `TORCH_USE_CUDA_DSA` to enable device-side assertions.\n')
11:24:00 ili pl48 patchtst s345 err: RuntimeError('CUDA error: invalid device ordinal\nCUDA kernel errors might be asynchronously reported at some other API call, so the stacktrace below might be incorrect.\nFor debugging consider passing CUDA_LAUNCH_BLOCKING=1\nCompile with `TORCH_USE_CUDA_DSA` to enable device-side assertions.\n')
11:24:02 ili pl48 patchtst s567 err: RuntimeError('CUDA error: invalid device ordinal\nCUDA kernel errors might be asynchronously reported at some other API call, so the stacktrace below might be incorrect.\nFor debugging consider passing CUDA_LAUNCH_BLOCKING=1\nCompile with `TORCH_USE_CUDA_DSA` to enable device-side assertions.\n')
11:24:03 ili pl48 patchtst s789 err: RuntimeError('CUDA error: invalid device ordinal\nCUDA kernel errors might be asynchronously reported at some other API call, so the stacktrace below might be incorrect.\nFor debugging consider passing CUDA_LAUNCH_BLOCKING=1\nCompile with `TORCH_USE_CUDA_DSA` to enable device-side assertions.\n')
